what,kind,bundleId,bundleVersion,description,time
error,log,,,"Error fetching actionscript project for myFriends",1356634127352
error,log,,,"Error fetching actionscript project for myFriends",1356634128581
error,log,,,"Error fetching actionscript project for myFriends",1356634128599
error,log,,,"Error fetching actionscript project for myFriends",1356634128617
activated,editor,com.adobe.flexbuilder.mxml.editor,4.7.0.349722,"com.adobe.flexbuilder.editors.mxml.MXMLEditor",1356634128618
closed,editor,com.adobe.flexbuilder.mxml.editor,4.7.0.349722,"com.adobe.flexbuilder.editors.mxml.MXMLEditor",1356634128618
activated,editor,com.adobe.flexbuilder.project.ui,4.7.0.349722,"com.adobe.flexbuilder.ui.StartPage",1356634129967
started,bundle,org.eclipse.equinox.p2.ui.sdk,1.0.100.v20100513,"org.eclipse.equinox.p2.ui.sdk",1356634146351
started,bundle,org.eclipse.equinox.p2.ui,2.0.0.v20100518,"org.eclipse.equinox.p2.ui",1356634146488
executed,command,org.eclipse.equinox.p2.ui.sdk,1.0.100.v20100513,"org.eclipse.equinox.p2.ui.sdk.update",1356634146733
started,bundle,org.eclipse.ecf.filetransfer,4.0.0.v20100906-1425,"org.eclipse.ecf.filetransfer",1356634146851
deactivated,workbench,org.eclipse.ui.workbench,3.6.2.M20110210-1200,"",1356634147007
started,bundle,org.eclipse.ecf.identity,3.1.0.v20100906-1425,"org.eclipse.ecf.identity",1356634147248
started,bundle,org.eclipse.ecf,3.1.0.v20100906-1425,"org.eclipse.ecf",1356634147441
started,bundle,org.eclipse.ecf.provider.filetransfer.httpclient,4.0.0.v20100906-1425,"org.eclipse.ecf.provider.filetransfer.httpclient",1356634147773
started,bundle,org.eclipse.ecf.provider.filetransfer,3.1.0.v20100906-1425,"org.eclipse.ecf.provider.filetransfer",1356634147823
activated,workbench,org.eclipse.ui.workbench,3.6.2.M20110210-1200,"",1356634148654
activated,view,org.eclipse.ui.console,3.5.0.v20100526,"org.eclipse.ui.console.ConsoleView",1356634148658
error,log,,,"Error fetching actionscript project for myFriends",1356634149648
error,log,,,"Error fetching actionscript project for myFriends",1356634149672
error,log,,,"Error fetching actionscript project for myFriends",1356634149698
error,log,,,"Error fetching actionscript project for myFriends",1356634149720
error,log,,,"Error fetching actionscript project for myFriends",1356634149749
error,log,,,"Error fetching actionscript project for myFriends",1356634149779
error,log,,,"Error fetching actionscript project for myFriends",1356634149811
error,log,,,"Error fetching actionscript project for myFriends",1356634149842
error,log,,,"Error fetching actionscript project for myFriends",1356634149876
error,log,,,"Error fetching actionscript project for myFriends",1356634149898
error,log,,,"Error fetching actionscript project for myFriends",1356634149922
error,log,,,"Error fetching actionscript project for myFriends",1356634149944
error,log,,,"Error fetching actionscript project for myFriends",1356634149975
error,log,,,"Error fetching actionscript project for myFriends",1356634149994
deactivated,workbench,org.eclipse.ui.workbench,3.6.2.M20110210-1200,"",1356634150365
activated,workbench,org.eclipse.ui.workbench,3.6.2.M20110210-1200,"",1356634245301
deactivated,workbench,org.eclipse.ui.workbench,3.6.2.M20110210-1200,"",1356634246702
activated,workbench,org.eclipse.ui.workbench,3.6.2.M20110210-1200,"",1356634248168
deactivated,workbench,org.eclipse.ui.workbench,3.6.2.M20110210-1200,"",1356634254250
started,bundle,org.eclipse.equinox.p2.updatesite,1.0.201.R36x_v20100823,"org.eclipse.equinox.p2.updatesite",1356634270220
activated,workbench,org.eclipse.ui.workbench,3.6.2.M20110210-1200,"",1356634282756
deactivated,workbench,org.eclipse.ui.workbench,3.6.2.M20110210-1200,"",1356634283572
activated,workbench,org.eclipse.ui.workbench,3.6.2.M20110210-1200,"",1356634334174
deactivated,workbench,org.eclipse.ui.workbench,3.6.2.M20110210-1200,"",1356634334446
activated,workbench,org.eclipse.ui.workbench,3.6.2.M20110210-1200,"",1356634660724
closed,editor,com.adobe.flexbuilder.project.ui,4.7.0.349722,"com.adobe.flexbuilder.ui.StartPage",1356634660785
closed,workbench,org.eclipse.ui.workbench,3.6.2.M20110210-1200,"",1356634661455
stopped,bundle,com.adobe.ac.pmd.eclipse,1.0.0.v200912091712,"com.adobe.ac.pmd.eclipse",1356634663254
stopped,bundle,com.collabnet.subversion.merge,2.2.4,"com.collabnet.subversion.merge",1356634663255
stopped,bundle,org.jboss.tools.runtime,1.2.0.v20111025-0316-H469-Final,"org.jboss.tools.runtime",1356634663255
stopped,bundle,org.drools.eclipse,5.2.1.Final,"org.drools.eclipse",1356634663256
stopped,bundle,org.eclipse.jst.j2ee.xdoclet.runtime,1.1.300.v201004280700,"org.eclipse.jst.j2ee.xdoclet.runtime",1356634663256
stopped,bundle,org.eclipse.jst.j2ee.ejb.annotations.xdoclet,1.2.100.v201003112036,"org.eclipse.jst.j2ee.ejb.annotations.xdoclet",1356634663256
stopped,bundle,org.eclipse.jst.server.generic.jboss,1.6.1.v200904151730,"org.eclipse.jst.server.generic.jboss",1356634663256
stopped,bundle,org.eclipse.jst.server.generic.jonas,1.5.205.v200805140145,"org.eclipse.jst.server.generic.jonas",1356634663257
stopped,bundle,org.eclipse.jst.server.generic.oc4j,1.5.206.v20090812,"org.eclipse.jst.server.generic.oc4j",1356634663257
stopped,bundle,org.eclipse.jst.server.websphere.core,1.0.302.v20080620,"org.eclipse.jst.server.websphere.core",1356634663257
stopped,bundle,org.eclipse.jst.server.generic.ui,1.0.505.v20100428,"org.eclipse.jst.server.generic.ui",1356634663257
stopped,bundle,org.eclipse.jst.server.generic.core,1.0.606.v20100512,"org.eclipse.jst.server.generic.core",1356634663257
stopped,bundle,org.eclipse.mylyn.ide.ant,3.7.1.v20120425-0100,"org.eclipse.mylyn.ide.ant",1356634663257
stopped,bundle,org.eclipse.datatools.connectivity.oda.template.ui,3.2.1.v201004090942,"org.eclipse.datatools.connectivity.oda.template.ui",1356634663257
stopped,bundle,org.eclipse.pde.api.tools.ui,1.0.201.v20100820_r361,"org.eclipse.pde.api.tools.ui",1356634663257
stopped,bundle,org.eclipse.pde.ds.ui,1.0.100.v20100601,"org.eclipse.pde.ds.ui",1356634663257
stopped,bundle,org.eclipse.pde.runtime,3.4.200.v20100601,"org.eclipse.pde.runtime",1356634663257
stopped,bundle,org.eclipse.pde.ua.ui,1.0.100.v20100504,"org.eclipse.pde.ua.ui",1356634663257
stopped,bundle,org.jboss.tools.esb.project.ui,1.4.1.v20111111-0222-H200-Final,"org.jboss.tools.esb.project.ui",1356634663257
stopped,bundle,org.eclipse.pde.ui.templates,3.4.200.v20100601,"org.eclipse.pde.ui.templates",1356634663258
stopped,bundle,org.jboss.tools.cdi.ui,1.1.1.v20111025-1225-H178-Final,"org.jboss.tools.cdi.ui",1356634663258
stopped,bundle,org.jboss.tools.cdi.xml.ui,1.0.0.v20111025-1225-H178-Final,"org.jboss.tools.cdi.xml.ui",1356634663258
stopped,bundle,org.jboss.tools.cdi.text.ext,1.1.1.v20111025-1225-H178-Final,"org.jboss.tools.cdi.text.ext",1356634663258
stopped,bundle,org.jboss.tools.cdi.core,1.1.1.v20111025-1225-H178-Final,"org.jboss.tools.cdi.core",1356634663258
stopped,bundle,org.jboss.tools.esb.validator,1.3.0.v20111111-0222-H200-Final,"org.jboss.tools.esb.validator",1356634663258
stopped,bundle,org.jboss.tools.jsf.text.ext.richfaces,3.2.1.v20111027-1258-H202-Final,"org.jboss.tools.jsf.text.ext.richfaces",1356634663258
stopped,bundle,org.jboss.tools.jsf.text.ext.facelets,3.2.1.v20111027-1258-H202-Final,"org.jboss.tools.jsf.text.ext.facelets",1356634663258
stopped,bundle,org.jboss.tools.seam.text.ext,3.2.1.v20111027-1359-H303-Final,"org.jboss.tools.seam.text.ext",1356634663258
stopped,bundle,org.jboss.tools.jsf.text.ext,3.2.1.v20111027-1258-H202-Final,"org.jboss.tools.jsf.text.ext",1356634663258
stopped,bundle,org.jboss.tools.jsf.ui,3.2.1.v20111027-1258-H202-Final,"org.jboss.tools.jsf.ui",1356634663258
stopped,bundle,org.jboss.tools.jsf.verification,3.1.0.v20111027-1258-H202-Final,"org.jboss.tools.jsf.verification",1356634663258
stopped,bundle,org.jboss.tools.jsf.vpe.ajax4jsf,3.1.0.v20111027-1258-H202-Final,"org.jboss.tools.jsf.vpe.ajax4jsf",1356634663258
stopped,bundle,org.jboss.tools.jsf.vpe.jbpm,1.0.0.v20111027-1258-H202-Final,"org.jboss.tools.jsf.vpe.jbpm",1356634663258
stopped,bundle,org.jboss.tools.jsf.vpe.jstl,3.1.0.v20111027-1258-H202-Final,"org.jboss.tools.jsf.vpe.jstl",1356634663258
stopped,bundle,org.jboss.tools.jsf.vpe.richfaces,3.2.0.v20111027-1258-H202-Final,"org.jboss.tools.jsf.vpe.richfaces",1356634663258
stopped,bundle,org.jboss.tools.jsf.vpe.seam,3.2.0.v20111027-1258-H202-Final,"org.jboss.tools.jsf.vpe.seam",1356634663258
stopped,bundle,org.jboss.tools.jsf.vpe.jsf,3.2.0.v20111027-1258-H202-Final,"org.jboss.tools.jsf.vpe.jsf",1356634663258
stopped,bundle,org.jboss.tools.project.examples.cheatsheet,1.1.0.v20111025-1337-H184-Final,"org.jboss.tools.project.examples.cheatsheet",1356634663258
stopped,bundle,org.jboss.tools.project.examples,1.2.1.v20111025-1337-H184-Final,"org.jboss.tools.project.examples",1356634663258
stopped,bundle,org.jboss.tools.seam.ui,3.2.1.v20111027-1359-H303-Final,"org.jboss.tools.seam.ui",1356634663258
stopped,bundle,org.jboss.tools.seam.core,3.2.1.v20111027-1359-H303-Final,"org.jboss.tools.seam.core",1356634663258
stopped,bundle,org.jboss.tools.jsf,3.2.1.v20111027-1258-H202-Final,"org.jboss.tools.jsf",1356634663258
stopped,bundle,org.jboss.tools.jsf.vpe.facelets,3.1.0.v20111027-1258-H202-Final,"org.jboss.tools.jsf.vpe.facelets",1356634663259
stopped,bundle,org.jboss.tools.jsf.vpe.myfaces,3.1.0.v20111027-1258-H202-Final,"org.jboss.tools.jsf.vpe.myfaces",1356634663259
stopped,bundle,org.jboss.tools.struts.vpe.struts,3.1.0.v20111025-2151-H198-Final,"org.jboss.tools.struts.vpe.struts",1356634663259
stopped,bundle,org.jboss.tools.vpe.docbook,3.1.0.v20111025-2102-H197-Final,"org.jboss.tools.vpe.docbook",1356634663259
stopped,bundle,org.jboss.tools.vpe.html,3.2.0.v20111025-2102-H197-Final,"org.jboss.tools.vpe.html",1356634663259
stopped,bundle,org.jboss.tools.vpe.jsp,3.1.0.v20111025-2102-H197-Final,"org.jboss.tools.vpe.jsp",1356634663259
stopped,bundle,org.jboss.tools.vpe.spring,3.1.0.v20111025-2102-H197-Final,"org.jboss.tools.vpe.spring",1356634663259
stopped,bundle,org.jboss.tools.vpe,3.2.0.v20111025-2102-H197-Final,"org.jboss.tools.vpe",1356634663259
stopped,bundle,org.jboss.tools.jst.css,3.2.1.v20111025-0510-H215-Final,"org.jboss.tools.jst.css",1356634663259
stopped,bundle,org.jboss.tools.esb.ui,1.3.0.v20111111-0222-H200-Final,"org.jboss.tools.esb.ui",1356634663259
stopped,bundle,org.jboss.tools.jst.web.tiles.ui,3.2.1.v20111025-0510-H215-Final,"org.jboss.tools.jst.web.tiles.ui",1356634663259
stopped,bundle,org.jboss.tools.seam.ui.pages,3.2.1.v20111027-1359-H303-Final,"org.jboss.tools.seam.ui.pages",1356634663259
stopped,bundle,org.jboss.tools.seam.xml.ui,3.2.0.v20111027-1359-H303-Final,"org.jboss.tools.seam.xml.ui",1356634663259
stopped,bundle,org.jboss.tools.struts.validator.ui,3.1.0.v20111025-2151-H198-Final,"org.jboss.tools.struts.validator.ui",1356634663259
stopped,bundle,org.jboss.tools.struts.ui,3.1.1.v20111025-2151-H198-Final,"org.jboss.tools.struts.ui",1356634663259
stopped,bundle,org.jboss.tools.jst.web.ui,3.2.1.v20111025-0510-H215-Final,"org.jboss.tools.jst.web.ui",1356634663259
stopped,bundle,org.jboss.tools.vpe.ui.palette,3.2.0.v20111025-2102-H197-Final,"org.jboss.tools.vpe.ui.palette",1356634663259
stopped,bundle,org.jboss.tools.jst.jsp,3.2.1.v20111025-0510-H215-Final,"org.jboss.tools.jst.jsp",1356634663259
stopped,bundle,org.jboss.tools.struts.text.ext,3.1.1.v20111025-2151-H198-Final,"org.jboss.tools.struts.text.ext",1356634663259
stopped,bundle,org.jboss.tools.jst.text.ext,3.2.1.v20111025-0510-H215-Final,"org.jboss.tools.jst.text.ext",1356634663259
stopped,bundle,org.jboss.tools.jst.web.kb,3.2.1.v20111025-0510-H215-Final,"org.jboss.tools.jst.web.kb",1356634663259
stopped,bundle,org.jboss.tools.common.el.ui,3.2.0.v20111025-0439-H174-Final,"org.jboss.tools.common.el.ui",1356634663259
stopped,bundle,org.jboss.tools.vpe.resref,3.2.0.v20111025-2102-H197-Final,"org.jboss.tools.vpe.resref",1356634663259
stopped,bundle,org.jboss.tools.common.resref.ui,3.2.0.v20111025-0439-H174-Final,"org.jboss.tools.common.resref.ui",1356634663259
stopped,bundle,org.jboss.tools.common.verification.ui,3.1.0.v20111025-0439-H174-Final,"org.jboss.tools.common.verification.ui",1356634663259
stopped,bundle,org.jboss.tools.hibernate.xml.ui,3.4.0.v20111025-0625-H210-Final,"org.jboss.tools.hibernate.xml.ui",1356634663259
stopped,bundle,org.jboss.tools.common.model.ui,3.2.1.v20111025-0439-H174-Final,"org.jboss.tools.common.model.ui",1356634663259
stopped,bundle,org.jboss.tools.common.text.ext,3.2.1.v20111025-0439-H174-Final,"org.jboss.tools.common.text.ext",1356634663259
stopped,bundle,org.eclipse.pde.ui,3.6.1.v20110210_r362,"org.eclipse.pde.ui",1356634663259
stopped,bundle,org.hibernate.eclipse.jdt.apt.ui,3.4.0.v20111025-0625-H210-Final,"org.hibernate.eclipse.jdt.apt.ui",1356634663259
stopped,bundle,org.hibernate.eclipse.jdt.ui,3.4.1.v20111025-0625-H210-Final,"org.hibernate.eclipse.jdt.ui",1356634663260
stopped,bundle,org.hibernate.eclipse.mapper,3.4.1.v20111025-0625-H210-Final,"org.hibernate.eclipse.mapper",1356634663260
stopped,bundle,org.jboss.tools.hibernate.jpt.ui,3.4.1.v20111025-0625-H210-Final,"org.jboss.tools.hibernate.jpt.ui",1356634663260
stopped,bundle,org.jboss.tools.hibernate.jpt.core,3.4.1.v20111025-0625-H210-Final,"org.jboss.tools.hibernate.jpt.core",1356634663260
stopped,bundle,org.jboss.tools.hibernate.ui,3.4.1.v20111025-0625-H210-Final,"org.jboss.tools.hibernate.ui",1356634663260
stopped,bundle,org.hibernate.eclipse.console,3.4.1.v20111025-0625-H210-Final,"org.hibernate.eclipse.console",1356634663260
stopped,bundle,org.jboss.tools.common.el.core,3.2.1.v20111025-0439-H174-Final,"org.jboss.tools.common.el.core",1356634663260
stopped,bundle,org.jboss.tools.common.resref.core,3.1.0.v20111025-0439-H174-Final,"org.jboss.tools.common.resref.core",1356634663260
stopped,bundle,org.jboss.tools.struts.verification,3.1.0.v20111025-2151-H198-Final,"org.jboss.tools.struts.verification",1356634663260
stopped,bundle,org.jboss.tools.jst.web.verification,3.1.0.v20111025-0510-H215-Final,"org.jboss.tools.jst.web.verification",1356634663260
stopped,bundle,org.jboss.tools.common.verification,3.2.0.v20111025-0439-H174-Final,"org.jboss.tools.common.verification",1356634663260
stopped,bundle,org.jboss.tools.hibernate.xml,3.4.0.v20111025-0625-H210-Final,"org.jboss.tools.hibernate.xml",1356634663260
stopped,bundle,org.jboss.tools.cdi.xml,1.0.0.v20111025-1225-H178-Final,"org.jboss.tools.cdi.xml",1356634663260
stopped,bundle,org.jboss.tools.esb.core,1.4.0.v20111111-0222-H200-Final,"org.jboss.tools.esb.core",1356634663260
stopped,bundle,org.jboss.tools.struts,3.2.0.v20111025-2151-H198-Final,"org.jboss.tools.struts",1356634663260
stopped,bundle,org.jboss.tools.jst.web.tiles,3.1.0.v20111025-0510-H215-Final,"org.jboss.tools.jst.web.tiles",1356634663260
stopped,bundle,org.jboss.tools.seam.pages.xml,3.1.0.v20111027-1359-H303-Final,"org.jboss.tools.seam.pages.xml",1356634663260
stopped,bundle,org.jboss.tools.seam.xml,3.2.0.v20111027-1359-H303-Final,"org.jboss.tools.seam.xml",1356634663260
stopped,bundle,org.jboss.tools.jst.web,3.2.1.v20111025-0510-H215-Final,"org.jboss.tools.jst.web",1356634663261
stopped,bundle,org.jboss.tools.common.model,3.2.1.v20111025-0439-H174-Final,"org.jboss.tools.common.model",1356634663263
stopped,bundle,org.eclipse.ant.ui,3.5.0.v20100427,"org.eclipse.ant.ui",1356634663263
stopped,bundle,org.eclipse.ant.launching,1.0.1.v20101020_r362,"org.eclipse.ant.launching",1356634663263
stopped,bundle,org.eclipse.compare.win32,1.0.101.R36x_v20101103-0618,"org.eclipse.compare.win32",1356634663263
stopped,bundle,org.eclipse.equinox.p2.ui.sdk,1.0.100.v20100513,"org.eclipse.equinox.p2.ui.sdk",1356634663281
stopped,bundle,org.eclipse.jst.server.tomcat.ui,1.1.200.v20100418,"org.eclipse.jst.server.tomcat.ui",1356634663281
stopped,bundle,org.jboss.ide.eclipse.as.rse.ui,0.9.0.v20111110-1751-H262-Final,"org.jboss.ide.eclipse.as.rse.ui",1356634663281
stopped,bundle,org.jboss.ide.eclipse.as.rse.core,0.9.0.v20111110-1751-H262-Final,"org.jboss.ide.eclipse.as.rse.core",1356634663281
stopped,bundle,org.jboss.ide.eclipse.archives.webtools,2.2.0.v20111110-1751-H262-Final,"org.jboss.ide.eclipse.archives.webtools",1356634663742
stopped,bundle,org.jboss.ide.eclipse.as.ui.mbeans,2.1.0.v20111110-1751-H262-Final,"org.jboss.ide.eclipse.as.ui.mbeans",1356634663742
stopped,bundle,org.jboss.ide.eclipse.as.ui,2.2.0.v20111110-1751-H262-Final,"org.jboss.ide.eclipse.as.ui",1356634663742
stopped,bundle,org.eclipse.jst.server.ui,1.1.102.v20110406,"org.eclipse.jst.server.ui",1356634663742
stopped,bundle,org.eclipse.mylyn.java.tasks,3.7.1.v20120425-0100,"org.eclipse.mylyn.java.tasks",1356634663742
stopped,bundle,org.eclipse.mylyn.java.ui,3.7.1.v20120425-0100,"org.eclipse.mylyn.java.ui",1356634663742
stopped,bundle,org.jboss.tools.smooks.ui,1.2.0.v20111025-0650-H200-Final,"org.jboss.tools.smooks.ui",1356634663742
stopped,bundle,org.eclipse.m2e.launching,1.0.0.20110607-2117,"org.eclipse.m2e.launching",1356634663742
stopped,bundle,org.eclipse.jdt.junit,3.6.1.r361_v20100825-0800,"org.eclipse.jdt.junit",1356634663742
stopped,bundle,org.eclipse.jpt.eclipselink.ui,1.3.0.v201004280001,"org.eclipse.jpt.eclipselink.ui",1356634663742
stopped,bundle,org.eclipse.jpt.eclipselink.core,1.3.2.v201102072310,"org.eclipse.jpt.eclipselink.core",1356634663742
stopped,bundle,org.eclipse.jpt.jaxb.ui,1.0.1.v201006300000,"org.eclipse.jpt.jaxb.ui",1356634663742
stopped,bundle,org.eclipse.jpt.ui,2.3.2.v201008252310,"org.eclipse.jpt.ui",1356634663742
stopped,bundle,org.eclipse.jpt.core,2.3.3.v201102172310,"org.eclipse.jpt.core",1356634663771
stopped,bundle,org.eclipse.jpt.db,1.2.202.v201010192330,"org.eclipse.jpt.db",1356634663771
stopped,bundle,org.eclipse.datatools.enablement.jdt.classpath,1.0.1.v201004070709,"org.eclipse.datatools.enablement.jdt.classpath",1356634663771
stopped,bundle,org.eclipse.jdt.apt.ui,3.3.300.v20100513-0845,"org.eclipse.jdt.apt.ui",1356634663771
stopped,bundle,org.eclipse.datatools.enablement.sybase.asa.schemaobjecteditor.examples,2.5.0.200810071,"org.eclipse.datatools.enablement.sybase.asa.schemaobjecteditor.examples",1356634663771
stopped,bundle,org.eclipse.datatools.sqltools.debugger.core.ui,1.0.0.v201003161000,"org.eclipse.datatools.sqltools.debugger.core.ui",1356634663771
stopped,bundle,org.eclipse.jst.server.preview.adapter,1.1.100.v20100308,"org.eclipse.jst.server.preview.adapter",1356634663771
stopped,bundle,org.eclipse.wst.xsl.jaxp.debug.ui,1.0.100.v201004290328,"org.eclipse.wst.xsl.jaxp.debug.ui",1356634663771
stopped,bundle,org.jbpm.gd.jpdl,3.3.2.v20111025-0508-H201-Final,"org.jbpm.gd.jpdl",1356634663771
stopped,bundle,org.eclipse.jdt.debug.ui,3.5.2.v20100928a_r362,"org.eclipse.jdt.debug.ui",1356634663772
stopped,bundle,org.eclipse.jst.common.annotations.ui,1.1.300.v201002081900,"org.eclipse.jst.common.annotations.ui",1356634663772
stopped,bundle,org.eclipse.jst.j2ee.ejb.annotations.ui,1.1.200.v201004290730,"org.eclipse.jst.j2ee.ejb.annotations.ui",1356634663772
stopped,bundle,org.eclipse.jst.ejb.ui,1.1.502.v201101121843,"org.eclipse.jst.ejb.ui",1356634663772
stopped,bundle,org.eclipse.jst.ws.axis.creation.ui,1.0.600.v201008171516,"org.eclipse.jst.ws.axis.creation.ui",1356634663772
stopped,bundle,org.eclipse.jst.ws.axis.consumption.ui,1.0.505.v201004211805,"org.eclipse.jst.ws.axis.consumption.ui",1356634663772
stopped,bundle,org.eclipse.jst.ws.axis2.creation.ui,1.0.104.v201004211805,"org.eclipse.jst.ws.axis2.creation.ui",1356634663772
stopped,bundle,org.eclipse.jst.ws.axis2.consumption.ui,1.0.103.v201004211805,"org.eclipse.jst.ws.axis2.consumption.ui",1356634663772
stopped,bundle,org.eclipse.jst.ws.axis2.creation.core,1.0.106.v201004211805,"org.eclipse.jst.ws.axis2.creation.core",1356634663772
stopped,bundle,org.eclipse.jst.ws.axis2.consumption.core,1.0.105.v201004211805,"org.eclipse.jst.ws.axis2.consumption.core",1356634663772
stopped,bundle,org.eclipse.jst.ws.cxf.creation.ui,1.0.0.v201003311345,"org.eclipse.jst.ws.cxf.creation.ui",1356634663772
stopped,bundle,org.jboss.tools.ws.creation.ui,1.2.0.v20111025-2223-H243-Final,"org.jboss.tools.ws.creation.ui",1356634663772
stopped,bundle,org.eclipse.jst.ws.creation.ui,1.0.511.v201103082026,"org.eclipse.jst.ws.creation.ui",1356634663772
stopped,bundle,org.eclipse.jst.ws.cxf.consumption.ui,1.0.0.v201003222311,"org.eclipse.jst.ws.cxf.consumption.ui",1356634663772
stopped,bundle,org.jboss.tools.esb.project.core,1.4.1.v20111111-0222-H200-Final,"org.jboss.tools.esb.project.core",1356634663772
stopped,bundle,org.jboss.tools.ws.ui,1.2.1.v20111025-2223-H243-Final,"org.jboss.tools.ws.ui",1356634663772
stopped,bundle,org.jboss.tools.ws.creation.core,1.2.0.v20111025-2223-H243-Final,"org.jboss.tools.ws.creation.core",1356634663772
stopped,bundle,org.jboss.tools.ws.core,1.2.0.v20111025-2223-H243-Final,"org.jboss.tools.ws.core",1356634663772
stopped,bundle,org.eclipse.jst.ws.consumption.ui,1.1.304.v201106132145,"org.eclipse.jst.ws.consumption.ui",1356634663772
stopped,bundle,org.eclipse.jst.j2ee.webservice.ui,1.1.400.v201004110600,"org.eclipse.jst.j2ee.webservice.ui",1356634663772
stopped,bundle,org.jboss.tools.portlet.ui,1.2.0.v20111025-0629-H191-Final,"org.jboss.tools.portlet.ui",1356634663772
stopped,bundle,org.eclipse.jst.servlet.ui,1.1.406.v201109140400,"org.eclipse.jst.servlet.ui",1356634663772
stopped,bundle,org.eclipse.jst.ws.jaxws.dom.integration,1.0.0.v201004171919,"org.eclipse.jst.ws.jaxws.dom.integration",1356634663772
stopped,bundle,org.eclipse.jst.jee.ui,1.0.305.v201105110300,"org.eclipse.jst.jee.ui",1356634663773
stopped,bundle,org.eclipse.jst.j2ee.navigator.ui,1.1.404.v201106290200,"org.eclipse.jst.j2ee.navigator.ui",1356634663773
stopped,bundle,org.eclipse.jst.j2ee.jca.ui,1.1.400.v201004150700,"org.eclipse.jst.j2ee.jca.ui",1356634663773
stopped,bundle,org.jboss.ide.eclipse.as.wtp.ui,2.2.0.v20111110-1751-H262-Final,"org.jboss.ide.eclipse.as.wtp.ui",1356634663773
stopped,bundle,org.eclipse.jst.j2ee.ui,1.1.406.v201110060300,"org.eclipse.jst.j2ee.ui",1356634663773
stopped,bundle,org.eclipse.jst.jsf.facelet.ui,1.0.0.v20100602,"org.eclipse.jst.jsf.facelet.ui",1356634663773
stopped,bundle,org.eclipse.jst.jsf.ui,1.3.2.v201110061050,"org.eclipse.jst.jsf.ui",1356634663773
stopped,bundle,org.eclipse.jst.ws.jaxrs.ui,1.0.303.v201108222054,"org.eclipse.jst.ws.jaxrs.ui",1356634663773
stopped,bundle,org.eclipse.jst.common.project.facet.ui,1.4.102.v201008182136,"org.eclipse.jst.common.project.facet.ui",1356634663773
stopped,bundle,org.eclipse.jst.common.ui,1.0.4.v201109151453,"org.eclipse.jst.common.ui",1356634663773
stopped,bundle,org.eclipse.jst.j2ee.ejb.annotations.emitter,1.1.200.v200909290826,"org.eclipse.jst.j2ee.ejb.annotations.emitter",1356634663773
stopped,bundle,org.eclipse.jst.jsf.apache.trinidad.tagsupport,1.1.101.v20100906,"org.eclipse.jst.jsf.apache.trinidad.tagsupport",1356634663773
stopped,bundle,org.eclipse.jst.jsf.facesconfig.ui,1.2.1.v201101112207,"org.eclipse.jst.jsf.facesconfig.ui",1356634663773
stopped,bundle,org.eclipse.jst.pagedesigner.jsf.ui,1.2.0.v20100414,"org.eclipse.jst.pagedesigner.jsf.ui",1356634663773
stopped,bundle,org.eclipse.jst.pagedesigner,1.3.2.v201101211220,"org.eclipse.jst.pagedesigner",1356634663773
stopped,bundle,org.eclipse.jst.jsf.common.ui,1.2.0.v20100329,"org.eclipse.jst.jsf.common.ui",1356634663773
stopped,bundle,org.eclipse.jst.jsf.facelet.core,1.0.2.v201101042130,"org.eclipse.jst.jsf.facelet.core",1356634663773
stopped,bundle,org.eclipse.jst.jsf.core,1.3.5.v201110061050,"org.eclipse.jst.jsf.core",1356634663773
stopped,bundle,org.eclipse.jst.jsf.standard.tagsupport,1.2.2.v20101027,"org.eclipse.jst.jsf.standard.tagsupport",1356634663773
stopped,bundle,org.eclipse.jst.pagedesigner.jsp.core,1.2.0.v20100308,"org.eclipse.jst.pagedesigner.jsp.core",1356634663773
stopped,bundle,org.eclipse.jst.jsf.common,1.2.2.v201101211220,"org.eclipse.jst.jsf.common",1356634663773
stopped,bundle,org.eclipse.wst.jsdt.web.support.jsp,1.0.304.v201110211728,"org.eclipse.wst.jsdt.web.support.jsp",1356634663773
stopped,bundle,org.eclipse.jst.jsp.ui,1.1.505.v201110211728,"org.eclipse.jst.jsp.ui",1356634663773
stopped,bundle,org.eclipse.jst.ws.cxf.consumption.core,1.0.0.v201003222311,"org.eclipse.jst.ws.cxf.consumption.core",1356634663773
stopped,bundle,org.eclipse.jst.ws.cxf.creation.core,1.0.0.v201003311345,"org.eclipse.jst.ws.cxf.creation.core",1356634663773
stopped,bundle,org.eclipse.jst.ws.cxf.ui,1.0.0.v201004171919,"org.eclipse.jst.ws.cxf.ui",1356634663773
stopped,bundle,org.eclipse.jst.ws.cxf.core,1.0.0.v201003311345,"org.eclipse.jst.ws.cxf.core",1356634663773
stopped,bundle,org.eclipse.jst.ws.jaxws.ui,1.0.1.v201008232129,"org.eclipse.jst.ws.jaxws.ui",1356634663773
stopped,bundle,org.eclipse.jst.ws.jaxws.core,1.0.0.v201004171919,"org.eclipse.jst.ws.jaxws.core",1356634663773
stopped,bundle,org.eclipse.jst.ws.annotations.core,1.0.0.v201004262257,"org.eclipse.jst.ws.annotations.core",1356634663773
stopped,bundle,org.eclipse.jst.ws.axis2.ui,1.0.303.v201003110431,"org.eclipse.jst.ws.axis2.ui",1356634663773
stopped,bundle,org.eclipse.jst.ws.uddiregistry,1.0.500.v201004211805,"org.eclipse.jst.ws.uddiregistry",1356634663774
stopped,bundle,org.eclipse.jst.ws.ui,1.0.403.v201004211805,"org.eclipse.jst.ws.ui",1356634663774
stopped,bundle,org.jboss.ide.eclipse.archives.jdt.integration,3.2.0.v20111025-0345-H201-Final,"org.jboss.ide.eclipse.archives.jdt.integration",1356634663774
stopped,bundle,org.jboss.ide.eclipse.as.classpath.ui,2.1.0.v20111110-1751-H262-Final,"org.jboss.ide.eclipse.as.classpath.ui",1356634663774
stopped,bundle,org.jboss.ide.eclipse.freemarker,1.1.0.v20111025-0320-H192-Final,"org.jboss.ide.eclipse.freemarker",1356634663774
